nama_kolom,tipe_data_sistem,jumlah_missing,persen_missing,jumlah_nilai_unik,sampel_nilai
InvoiceNo,str,0,0.0,4005,"536365, 536366, 536367"
StockCode,str,0,0.0,2832,"85123A, 71053, 84406B"
Description,str,0,0.0,2860,"WHITE HANGING HEART T-LIGHT HOLDER, WHITE METAL LANTERN, CREAM CUPID HEARTS COAT HANGER"
Quantity,int64,0,0.0,154,"6, 8, 2"
InvoiceDate,datetime64[us],0,0.0,3796,"2010-12-01 08:26:00, 2010-12-01 08:28:00, 2010-12-01 08:34:00"
UnitPrice,float64,0,0.0,188,"2.55, 3.39, 2.75"
CustomerID,int64,0,0.0,1904,"17850, 13047, 12583"
Country,str,0,0.0,30,"United Kingdom, France, Australia"
total_amount,float64,0,0.0,1229,"15.3, 20.34, 22.0"
coupon_code,str,73988,94.81,4,"NRMFLASH15, AKHIRBULAN25, DISKON20"
coupon_discount,float64,73988,94.81,4,"0.15, 0.25, 0.2"
status,str,0,0.0,4,"Delivered, Shipped, Cancelled"
customer_id,int64,0,0.0,1904,"17850, 13047, 12583"
shipment_tracking_number,str,0,0.0,4005,"NRM37C9CE5E5E, NRMF197DB58BD, NRM7BA21B6ED2"
shipment_courier,str,0,0.0,5,"AnterAja, SiCepat, Ninja"
shipment_service,str,0,0.0,4,"YES, SameDay, Economy"
timeline_shipped_at,str,0,0.0,61,"2011-02-13 00:00:00, 2011-02-28 00:00:00, 2011-01-27 00:00:00"
timeline_delivered_at,str,18710,23.98,67,"2011-02-16 00:00:00, 2011-03-05 00:00:00, 2011-01-20 00:00:00"
email,str,6587,8.44,1755,"customer17850@mail.com, customer13047@mail.com, customer12583@mail.com"
gender,str,6587,8.44,2,"L, P"
age,float64,6587,8.44,48,"37.0, 47.0, 27.0"
city,str,6587,8.44,7,"Jakarta, Semarang, Yogyakarta"
membership_tier,str,6587,8.44,4,"Gold, Platinum, Bronze"
loyalty_points,float64,6587,8.44,1465,"2313.0, 4624.0, 873.0"
is_active,float64,6587,8.44,1,1.0
